[
{"no":0,"poster":"poster1.png","director":"이재한","name":"인천상륙작전","likes":106,"dislikes":12},
{"no":1,"poster":"poster2.png","director":"허진호","name":"덕혜옹주","likes":106,"dislikes":12},
{"no":2,"poster":"poster3.png","director":"크리스 리노드","name":"마이펫의 이중생활","likes":106,"dislikes":12},
{"no":3,"poster":"poster4.png","director":"데이비드 에이어","name":"수어사이드 스쿼드","likes":106,"dislikes":12},
{"no":4,"poster":"poster5.png","director":"연상호","name":"부산행","likes":106,"dislikes":12},
{"no":5,"poster":"poster6.png","director":"폴 그린그래스","name":"제이슨본","likes":106,"dislikes":12}
]